,main_title,title,variable,value
0,１．国 家 機 関 費,皇室費,1997,6686157
1,１．国 家 機 関 費,国会費,1997,123019403
2,１．国 家 機 関 費,選挙費,1997,3534438
3,１．国 家 機 関 費,司法、警察及び消防費,1997,1319365876
4,１．国 家 機 関 費,外交費,1997,831845677
5,１．国 家 機 関 費,一般行政費,1997,1054750965
6,１．国 家 機 関 費,徴税費,1997,750676414
7,１．国 家 機 関 費,貨幣製造費,1997,0
8,２．地 方 財 政 費,地方財政調整費,1997,15480975000
9,２．地 方 財 政 費,元利補給,1997,4788629
10,２．地 方 財 政 費,その他,1997,18154342
11,４．国土保全及び開発費,国土保全費,1997,1721545393
12,４．国土保全及び開発費,国土開発費,1997,6958533832
13,４．国土保全及び開発費,災害対策費,1997,391141566
14,４．国土保全及び開発費,試験研究費,1997,30959085
15,４．国土保全及び開発費,その他,1997,108018637
16,５．産 業 経 済 費,農林水産業費,1997,1206587157
17,５．産 業 経 済 費,商工鉱業費,1997,1315778918
18,５．産 業 経 済 費,運輸通信費,1997,208374214
19,５．産 業 経 済 費,産業投資特別会計へ繰入,1997,164913770
20,５．産 業 経 済 費,物資及び物価調整費,1997,344421263
21,６．教 育 文 化 費,学校教育費,1997,5393743949
22,６．教 育 文 化 費,社会教育及び文化費,1997,156345841
23,６．教 育 文 化 費,科学振興費,1997,695028475
24,６．教 育 文 化 費,災害対策費,1997,14951030
25,７．社会保障関係費,社会保険費,1997,9270396196
26,７．社会保障関係費,生活保護費,1997,1248688174
27,７．社会保障関係費,社会福祉費,1997,4366879520
28,７．社会保障関係費,住宅対策費,1997,1542271919
29,７．社会保障関係費,失業対策費,1997,34216887
30,７．社会保障関係費,保健衛生費,1997,975636061
31,７．社会保障関係費,試験研究費,1997,68965463
32,７．社会保障関係費,災害対策費,1997,17213267
33,７．社会保障関係費,その他,1997,36803652
34,８．恩　　給　　費,文官恩給費,1997,77805542
35,８．恩　　給　　費,旧軍人遺族等恩給費,1997,1405830065
36,８．恩　　給　　費,その他,1997,112515677
37,３．防 衛 関 係 費,３．防 衛 関 係 費,1997,4975677697
38,９．国　　債　　費,９．国　　債　　費,1997,15925814652
39,10.経済危機対応・地域活性化予備費,10.経済危機対応・地域活性化予備費,1997,0
40,11.東日本大震災復旧・復興予備費,11.東日本大震災復旧・復興予備費,1997,0
41,12.熊本地震復旧等予備費,12.熊本地震復旧等予備費,1997,0
42,12．予　　備　　費,12．予　　備　　費,1997,0
43,13．そ　　の　　他,13．そ　　の　　他,1997,107446364
44,３．防 衛 関 係 費,３．防 衛 関 係 費,1997,4975677697
45,９．国　　債　　費,９．国　　債　　費,1997,15925814652
46,10.経済危機対応・地域活性化予備費,10.経済危機対応・地域活性化予備費,1997,0
47,11.東日本大震災復旧・復興予備費,11.東日本大震災復旧・復興予備費,1997,0
48,12.熊本地震復旧等予備費,12.熊本地震復旧等予備費,1997,0
49,12．予　　備　　費,12．予　　備　　費,1997,0
50,13．そ　　の　　他,13．そ　　の　　他,1997,107446364
51,３．防 衛 関 係 費,３．防 衛 関 係 費,1997,4975677697
52,９．国　　債　　費,９．国　　債　　費,1997,15925814652
53,10.経済危機対応・地域活性化予備費,10.経済危機対応・地域活性化予備費,1997,0
54,11.東日本大震災復旧・復興予備費,11.東日本大震災復旧・復興予備費,1997,0
55,12.熊本地震復旧等予備費,12.熊本地震復旧等予備費,1997,0
56,12．予　　備　　費,12．予　　備　　費,1997,0
57,13．そ　　の　　他,13．そ　　の　　他,1997,107446364
58,１．国 家 機 関 費,皇室費,1998,6643501
59,１．国 家 機 関 費,国会費,1998,131142130
60,１．国 家 機 関 費,選挙費,1998,57491037
61,１．国 家 機 関 費,司法、警察及び消防費,1998,1399227861
62,１．国 家 機 関 費,外交費,1998,861739833
63,１．国 家 機 関 費,一般行政費,1998,1049312336
64,１．国 家 機 関 費,徴税費,1998,775282398
65,１．国 家 機 関 費,貨幣製造費,1998,0
66,２．地 方 財 政 費,地方財政調整費,1998,14304580000
67,２．地 方 財 政 費,元利補給,1998,3441917
68,２．地 方 財 政 費,その他,1998,18216295
69,４．国土保全及び開発費,国土保全費,1998,2048317970
70,４．国土保全及び開発費,国土開発費,1998,8356854944
71,４．国土保全及び開発費,災害対策費,1998,501965174
72,４．国土保全及び開発費,試験研究費,1998,24319316
73,４．国土保全及び開発費,その他,1998,121334633
74,５．産 業 経 済 費,農林水産業費,1998,1252271517
75,５．産 業 経 済 費,商工鉱業費,1998,2296985217
76,５．産 業 経 済 費,運輸通信費,1998,409892628
77,５．産 業 経 済 費,産業投資特別会計へ繰入,1998,541385000
78,５．産 業 経 済 費,物資及び物価調整費,1998,409862235
79,６．教 育 文 化 費,学校教育費,1998,5923375885
80,６．教 育 文 化 費,社会教育及び文化費,1998,166201032
81,６．教 育 文 化 費,科学振興費,1998,969756924
82,６．教 育 文 化 費,災害対策費,1998,4292751
83,７．社会保障関係費,社会保険費,1998,9032409327
84,７．社会保障関係費,生活保護費,1998,1297706827
85,７．社会保障関係費,社会福祉費,1998,4754427051
86,７．社会保障関係費,住宅対策費,1998,1638093203
87,７．社会保障関係費,失業対策費,1998,94470991
88,７．社会保障関係費,保健衛生費,1998,1032533677
89,７．社会保障関係費,試験研究費,1998,74925152
90,７．社会保障関係費,災害対策費,1998,8963574
91,７．社会保障関係費,その他,1998,35233192
92,８．恩　　給　　費,文官恩給費,1998,71651861
93,８．恩　　給　　費,旧軍人遺族等恩給費,1998,1367620046
94,８．恩　　給　　費,その他,1998,108202261
95,３．防 衛 関 係 費,３．防 衛 関 係 費,1998,4982414986
96,９．国　　債　　費,９．国　　債　　費,1998,17698532948
97,10.経済危機対応・地域活性化予備費,10.経済危機対応・地域活性化予備費,1998,0
98,11.東日本大震災復旧・復興予備費,11.東日本大震災復旧・復興予備費,1998,0
99,12.熊本地震復旧等予備費,12.熊本地震復旧等予備費,1998,0
100,12．予　　備　　費,12．予　　備　　費,1998,0
101,13．そ　　の　　他,13．そ　　の　　他,1998,560720538
102,３．防 衛 関 係 費,３．防 衛 関 係 費,1998,4982414986
103,９．国　　債　　費,９．国　　債　　費,1998,17698532948
104,10.経済危機対応・地域活性化予備費,10.経済危機対応・地域活性化予備費,1998,0
105,11.東日本大震災復旧・復興予備費,11.東日本大震災復旧・復興予備費,1998,0
106,12.熊本地震復旧等予備費,12.熊本地震復旧等予備費,1998,0
107,12．予　　備　　費,12．予　　備　　費,1998,0
108,13．そ　　の　　他,13．そ　　の　　他,1998,560720538
109,３．防 衛 関 係 費,３．防 衛 関 係 費,1998,4982414986
110,９．国　　債　　費,９．国　　債　　費,1998,17698532948
111,10.経済危機対応・地域活性化予備費,10.経済危機対応・地域活性化予備費,1998,0
112,11.東日本大震災復旧・復興予備費,11.東日本大震災復旧・復興予備費,1998,0
113,12.熊本地震復旧等予備費,12.熊本地震復旧等予備費,1998,0
114,12．予　　備　　費,12．予　　備　　費,1998,0
115,13．そ　　の　　他,13．そ　　の　　他,1998,560720538
116,１．国 家 機 関 費,皇室費,1999,6832632
117,１．国 家 機 関 費,国会費,1999,138585747
118,１．国 家 機 関 費,選挙費,1999,3258220
119,１．国 家 機 関 費,司法、警察及び消防費,1999,1408610493
120,１．国 家 機 関 費,外交費,1999,888920739
121,１．国 家 機 関 費,一般行政費,1999,1055053630
122,１．国 家 機 関 費,徴税費,1999,772413149
123,１．国 家 機 関 費,貨幣製造費,1999,0
124,２．地 方 財 政 費,地方財政調整費,1999,13084335000
125,２．地 方 財 政 費,元利補給,1999,2442715
126,２．地 方 財 政 費,その他,1999,18234008
127,４．国土保全及び開発費,国土保全費,1999,2007032641
128,４．国土保全及び開発費,国土開発費,1999,8047536209
129,４．国土保全及び開発費,災害対策費,1999,692223621
130,４．国土保全及び開発費,試験研究費,1999,30958173
131,４．国土保全及び開発費,その他,1999,306218443
132,５．産 業 経 済 費,農林水産業費,1999,1221337316
133,５．産 業 経 済 費,商工鉱業費,1999,1853123935
134,５．産 業 経 済 費,運輸通信費,1999,301480898
135,５．産 業 経 済 費,産業投資特別会計へ繰入,1999,222877952
136,５．産 業 経 済 費,物資及び物価調整費,1999,412706933
137,６．教 育 文 化 費,学校教育費,1999,5638045240
138,６．教 育 文 化 費,社会教育及び文化費,1999,155497370
139,６．教 育 文 化 費,科学振興費,1999,879033323
140,６．教 育 文 化 費,災害対策費,1999,2155883
141,７．社会保障関係費,社会保険費,1999,10862332795
142,７．社会保障関係費,生活保護費,1999,1397921379
143,７．社会保障関係費,社会福祉費,1999,5956772531
144,７．社会保障関係費,住宅対策費,1999,1549380992
145,７．社会保障関係費,失業対策費,1999,344524832
146,７．社会保障関係費,保健衛生費,1999,1026914018
147,７．社会保障関係費,試験研究費,1999,77724981
148,７．社会保障関係費,災害対策費,1999,10346465
149,７．社会保障関係費,その他,1999,37142330
150,８．恩　　給　　費,文官恩給費,1999,65927556
151,８．恩　　給　　費,旧軍人遺族等恩給費,1999,1320679417
152,８．恩　　給　　費,その他,1999,97470650
153,３．防 衛 関 係 費,３．防 衛 関 係 費,1999,4923268867
154,９．国　　債　　費,９．国　　債　　費,1999,20271924397
155,10.経済危機対応・地域活性化予備費,10.経済危機対応・地域活性化予備費,1999,0
156,11.東日本大震災復旧・復興予備費,11.東日本大震災復旧・復興予備費,1999,0
157,12.熊本地震復旧等予備費,12.熊本地震復旧等予備費,1999,0
158,12．予　　備　　費,12．予　　備　　費,1999,0
159,13．そ　　の　　他,13．そ　　の　　他,1999,1946185898
160,３．防 衛 関 係 費,３．防 衛 関 係 費,1999,4923268867
161,９．国　　債　　費,９．国　　債　　費,1999,20271924397
162,10.経済危機対応・地域活性化予備費,10.経済危機対応・地域活性化予備費,1999,0
163,11.東日本大震災復旧・復興予備費,11.東日本大震災復旧・復興予備費,1999,0
164,12.熊本地震復旧等予備費,12.熊本地震復旧等予備費,1999,0
165,12．予　　備　　費,12．予　　備　　費,1999,0
166,13．そ　　の　　他,13．そ　　の　　他,1999,1946185898
167,３．防 衛 関 係 費,３．防 衛 関 係 費,1999,4923268867
168,９．国　　債　　費,９．国　　債　　費,1999,20271924397
169,10.経済危機対応・地域活性化予備費,10.経済危機対応・地域活性化予備費,1999,0
170,11.東日本大震災復旧・復興予備費,11.東日本大震災復旧・復興予備費,1999,0
171,12.熊本地震復旧等予備費,12.熊本地震復旧等予備費,1999,0
172,12．予　　備　　費,12．予　　備　　費,1999,0
173,13．そ　　の　　他,13．そ　　の　　他,1999,1946185898
174,１．国 家 機 関 費,皇室費,2000,9366209
175,１．国 家 機 関 費,国会費,2000,146463865
176,１．国 家 機 関 費,選挙費,2000,73263020
177,１．国 家 機 関 費,司法、警察及び消防費,2000,1453162305
178,１．国 家 機 関 費,外交費,2000,865866900
179,１．国 家 機 関 費,一般行政費,2000,1471169953
180,１．国 家 機 関 費,徴税費,2000,783476331
181,１．国 家 機 関 費,貨幣製造費,2000,0
182,２．地 方 財 政 費,地方財政調整費,2000,15828908673
183,２．地 方 財 政 費,元利補給,2000,1616353
184,２．地 方 財 政 費,その他,2000,18936408
185,４．国土保全及び開発費,国土保全費,2000,1905879142
186,４．国土保全及び開発費,国土開発費,2000,7634224452
187,４．国土保全及び開発費,災害対策費,2000,545045814
188,４．国土保全及び開発費,試験研究費,2000,38933772
189,４．国土保全及び開発費,その他,2000,111993598
190,５．産 業 経 済 費,農林水産業費,2000,1221359331
191,５．産 業 経 済 費,商工鉱業費,2000,1981159488
192,５．産 業 経 済 費,運輸通信費,2000,334461890
193,５．産 業 経 済 費,産業投資特別会計へ繰入,2000,158560249
194,５．産 業 経 済 費,物資及び物価調整費,2000,416140838
195,６．教 育 文 化 費,学校教育費,2000,5612665712
196,６．教 育 文 化 費,社会教育及び文化費,2000,190153526
197,６．教 育 文 化 費,科学振興費,2000,925335049
198,６．教 育 文 化 費,災害対策費,2000,1699897
199,７．社会保障関係費,社会保険費,2000,11380261712
200,７．社会保障関係費,生活保護費,2000,1483656288
201,７．社会保障関係費,社会福祉費,2000,4118305895
202,７．社会保障関係費,住宅対策費,2000,1338465634
203,７．社会保障関係費,失業対策費,2000,96482292
204,７．社会保障関係費,保健衛生費,2000,1030477020
205,７．社会保障関係費,試験研究費,2000,82628142
206,７．社会保障関係費,災害対策費,2000,7220686
207,７．社会保障関係費,その他,2000,141040189
208,８．恩　　給　　費,文官恩給費,2000,60724661
209,８．恩　　給　　費,旧軍人遺族等恩給費,2000,1267923769
210,８．恩　　給　　費,その他,2000,88735026
211,３．防 衛 関 係 費,３．防 衛 関 係 費,2000,4931354728
212,９．国　　債　　費,９．国　　債　　費,2000,21446082307
213,10.経済危機対応・地域活性化予備費,10.経済危機対応・地域活性化予備費,2000,0
214,11.東日本大震災復旧・復興予備費,11.東日本大震災復旧・復興予備費,2000,0
215,12.熊本地震復旧等予備費,12.熊本地震復旧等予備費,2000,0
216,12．予　　備　　費,12．予　　備　　費,2000,0
217,13．そ　　の　　他,13．そ　　の　　他,2000,117848770
218,３．防 衛 関 係 費,３．防 衛 関 係 費,2000,4931354728
219,９．国　　債　　費,９．国　　債　　費,2000,21446082307
220,10.経済危機対応・地域活性化予備費,10.経済危機対応・地域活性化予備費,2000,0
221,11.東日本大震災復旧・復興予備費,11.東日本大震災復旧・復興予備費,2000,0
222,12.熊本地震復旧等予備費,12.熊本地震復旧等予備費,2000,0
223,12．予　　備　　費,12．予　　備　　費,2000,0
224,13．そ　　の　　他,13．そ　　の　　他,2000,117848770
225,３．防 衛 関 係 費,３．防 衛 関 係 費,2000,4931354728
226,９．国　　債　　費,９．国　　債　　費,2000,21446082307
227,10.経済危機対応・地域活性化予備費,10.経済危機対応・地域活性化予備費,2000,0
228,11.東日本大震災復旧・復興予備費,11.東日本大震災復旧・復興予備費,2000,0
229,12.熊本地震復旧等予備費,12.熊本地震復旧等予備費,2000,0
230,12．予　　備　　費,12．予　　備　　費,2000,0
231,13．そ　　の　　他,13．そ　　の　　他,2000,117848770
232,１．国 家 機 関 費,皇室費,2001,7408714
233,１．国 家 機 関 費,国会費,2001,154158813
234,１．国 家 機 関 費,選挙費,2001,63135863
235,１．国 家 機 関 費,司法、警察及び消防費,2001,1410079489
236,１．国 家 機 関 費,外交費,2001,864050579
237,１．国 家 機 関 費,一般行政費,2001,1542488050
238,１．国 家 機 関 費,徴税費,2001,804571086
239,１．国 家 機 関 費,貨幣製造費,2001,0
240,２．地 方 財 政 費,地方財政調整費,2001,16705603842
241,２．地 方 財 政 費,元利補給,2001,54806
242,２．地 方 財 政 費,その他,2001,20012086
243,４．国土保全及び開発費,国土保全費,2001,1681665637
244,４．国土保全及び開発費,国土開発費,2001,7073334122
245,４．国土保全及び開発費,災害対策費,2001,363817506
246,４．国土保全及び開発費,試験研究費,2001,33792900
247,４．国土保全及び開発費,その他,2001,119399958
248,５．産 業 経 済 費,農林水産業費,2001,1145645814
249,５．産 業 経 済 費,商工鉱業費,2001,1485677972
250,５．産 業 経 済 費,運輸通信費,2001,268274058
251,５．産 業 経 済 費,産業投資特別会計へ繰入,2001,664460772
252,５．産 業 経 済 費,物資及び物価調整費,2001,462388994
253,６．教 育 文 化 費,学校教育費,2001,5480839525
254,６．教 育 文 化 費,社会教育及び文化費,2001,115316587
255,６．教 育 文 化 費,科学振興費,2001,816322995
256,６．教 育 文 化 費,災害対策費,2001,2681165
257,７．社会保障関係費,社会保険費,2001,14658715588
258,７．社会保障関係費,生活保護費,2001,1581977268
259,７．社会保障関係費,社会福祉費,2001,2005755822
260,７．社会保障関係費,住宅対策費,2001,1200500118
261,７．社会保障関係費,失業対策費,2001,435350349
262,７．社会保障関係費,保健衛生費,2001,1040545799
263,７．社会保障関係費,試験研究費,2001,103589866
264,７．社会保障関係費,災害対策費,2001,3388509
265,７．社会保障関係費,その他,2001,209905667
266,８．恩　　給　　費,文官恩給費,2001,56228511
267,８．恩　　給　　費,旧軍人遺族等恩給費,2001,1211854232
268,８．恩　　給　　費,その他,2001,81405806
269,３．防 衛 関 係 費,３．防 衛 関 係 費,2001,4993022486
270,９．国　　債　　費,９．国　　債　　費,2001,15828895417
271,10.経済危機対応・地域活性化予備費,10.経済危機対応・地域活性化予備費,2001,0
272,11.東日本大震災復旧・復興予備費,11.東日本大震災復旧・復興予備費,2001,0
273,12.熊本地震復旧等予備費,12.熊本地震復旧等予備費,2001,0
274,12．予　　備　　費,12．予　　備　　費,2001,0
275,13．そ　　の　　他,13．そ　　の　　他,2001,114811714
276,３．防 衛 関 係 費,３．防 衛 関 係 費,2001,4993022486
277,９．国　　債　　費,９．国　　債　　費,2001,15828895417
278,10.経済危機対応・地域活性化予備費,10.経済危機対応・地域活性化予備費,2001,0
279,11.東日本大震災復旧・復興予備費,11.東日本大震災復旧・復興予備費,2001,0
280,12.熊本地震復旧等予備費,12.熊本地震復旧等予備費,2001,0
281,12．予　　備　　費,12．予　　備　　費,2001,0
282,13．そ　　の　　他,13．そ　　の　　他,2001,114811714
283,３．防 衛 関 係 費,３．防 衛 関 係 費,2001,4993022486
284,９．国　　債　　費,９．国　　債　　費,2001,15828895417
285,10.経済危機対応・地域活性化予備費,10.経済危機対応・地域活性化予備費,2001,0
286,11.東日本大震災復旧・復興予備費,11.東日本大震災復旧・復興予備費,2001,0
287,12.熊本地震復旧等予備費,12.熊本地震復旧等予備費,2001,0
288,12．予　　備　　費,12．予　　備　　費,2001,0
289,13．そ　　の　　他,13．そ　　の　　他,2001,114811714
290,１．国 家 機 関 費,皇室費,2002,7089358
291,１．国 家 機 関 費,国会費,2002,133486528
292,１．国 家 機 関 費,選挙費,2002,5853557
293,１．国 家 機 関 費,司法、警察及び消防費,2002,1386978225
294,１．国 家 機 関 費,外交費,2002,810000539
295,１．国 家 機 関 費,一般行政費,2002,1168330494
296,１．国 家 機 関 費,徴税費,2002,796890961
297,１．国 家 機 関 費,貨幣製造費,2002,0
298,２．地 方 財 政 費,地方財政調整費,2002,16479108000
299,２．地 方 財 政 費,元利補給,2002,0
300,２．地 方 財 政 費,その他,2002,21726094
301,４．国土保全及び開発費,国土保全費,2002,1491943715
302,４．国土保全及び開発費,国土開発費,2002,5995343956
303,４．国土保全及び開発費,災害対策費,2002,318527513
304,４．国土保全及び開発費,試験研究費,2002,31830630
305,４．国土保全及び開発費,その他,2002,125586115
306,５．産 業 経 済 費,農林水産業費,2002,1144369374
307,５．産 業 経 済 費,商工鉱業費,2002,1544218866
308,５．産 業 経 済 費,運輸通信費,2002,241109339
309,５．産 業 経 済 費,産業投資特別会計へ繰入,2002,2033555558
310,５．産 業 経 済 費,物資及び物価調整費,2002,457999862
311,６．教 育 文 化 費,学校教育費,2002,5498487609
312,６．教 育 文 化 費,社会教育及び文化費,2002,122132929
313,６．教 育 文 化 費,科学振興費,2002,829966014
314,６．教 育 文 化 費,災害対策費,2002,1833394
315,７．社会保障関係費,社会保険費,2002,14838713496
316,７．社会保障関係費,生活保護費,2002,1676919113
317,７．社会保障関係費,社会福祉費,2002,1862655899
318,７．社会保障関係費,住宅対策費,2002,992455170
319,７．社会保障関係費,失業対策費,2002,544600054
320,７．社会保障関係費,保健衛生費,2002,860047051
321,７．社会保障関係費,試験研究費,2002,97807442
322,７．社会保障関係費,災害対策費,2002,1316752
323,７．社会保障関係費,その他,2002,212029950
324,８．恩　　給　　費,文官恩給費,2002,51363993
325,８．恩　　給　　費,旧軍人遺族等恩給費,2002,1154019982
326,８．恩　　給　　費,その他,2002,75806086
327,３．防 衛 関 係 費,３．防 衛 関 係 費,2002,4943816744
328,９．国　　債　　費,９．国　　債　　費,2002,15600307856
329,10.経済危機対応・地域活性化予備費,10.経済危機対応・地域活性化予備費,2002,0
330,11.東日本大震災復旧・復興予備費,11.東日本大震災復旧・復興予備費,2002,0
331,12.熊本地震復旧等予備費,12.熊本地震復旧等予備費,2002,0
332,12．予　　備　　費,12．予　　備　　費,2002,0
333,13．そ　　の　　他,13．そ　　の　　他,2002,116061688
334,３．防 衛 関 係 費,３．防 衛 関 係 費,2002,4943816744
335,９．国　　債　　費,９．国　　債　　費,2002,15600307856
336,10.経済危機対応・地域活性化予備費,10.経済危機対応・地域活性化予備費,2002,0
337,11.東日本大震災復旧・復興予備費,11.東日本大震災復旧・復興予備費,2002,0
338,12.熊本地震復旧等予備費,12.熊本地震復旧等予備費,2002,0
339,12．予　　備　　費,12．予　　備　　費,2002,0
340,13．そ　　の　　他,13．そ　　の　　他,2002,116061688
341,３．防 衛 関 係 費,３．防 衛 関 係 費,2002,4943816744
342,９．国　　債　　費,９．国　　債　　費,2002,15600307856
343,10.経済危機対応・地域活性化予備費,10.経済危機対応・地域活性化予備費,2002,0
344,11.東日本大震災復旧・復興予備費,11.東日本大震災復旧・復興予備費,2002,0
345,12.熊本地震復旧等予備費,12.熊本地震復旧等予備費,2002,0
346,12．予　　備　　費,12．予　　備　　費,2002,0
347,13．そ　　の　　他,13．そ　　の　　他,2002,116061688
348,１．国 家 機 関 費,皇室費,2003,6721568
349,１．国 家 機 関 費,国会費,2003,127362960
350,１．国 家 機 関 費,選挙費,2003,71775157
351,１．国 家 機 関 費,司法、警察及び消防費,2003,1390638515
352,１．国 家 機 関 費,外交費,2003,844190419
353,１．国 家 機 関 費,一般行政費,2003,1133725132
354,１．国 家 機 関 費,徴税費,2003,786365382
355,１．国 家 機 関 費,貨幣製造費,2003,21741568
356,２．地 方 財 政 費,地方財政調整費,2003,17398800109
357,２．地 方 財 政 費,元利補給,2003,0
358,２．地 方 財 政 費,その他,2003,28358256
359,４．国土保全及び開発費,国土保全費,2003,1532135722
360,４．国土保全及び開発費,国土開発費,2003,6279771313
361,４．国土保全及び開発費,災害対策費,2003,280161705
362,４．国土保全及び開発費,試験研究費,2003,43556664
363,４．国土保全及び開発費,その他,2003,112514562
364,５．産 業 経 済 費,農林水産業費,2003,1122007415
365,５．産 業 経 済 費,商工鉱業費,2003,1167016089
366,５．産 業 経 済 費,運輸通信費,2003,320667195
367,５．産 業 経 済 費,産業投資特別会計へ繰入,2003,102475841
368,５．産 業 経 済 費,物資及び物価調整費,2003,501129022
369,６．教 育 文 化 費,学校教育費,2003,5114354082
370,６．教 育 文 化 費,社会教育及び文化費,2003,159076242
371,６．教 育 文 化 費,科学振興費,2003,920011468
372,６．教 育 文 化 費,災害対策費,2003,1300835
373,７．社会保障関係費,社会保険費,2003,15145960692
374,７．社会保障関係費,生活保護費,2003,1810222567
375,７．社会保障関係費,社会福祉費,2003,1977605995
376,７．社会保障関係費,住宅対策費,2003,967276410
377,７．社会保障関係費,失業対策費,2003,38659756
378,７．社会保障関係費,保健衛生費,2003,848474351
379,７．社会保障関係費,試験研究費,2003,114087320
380,７．社会保障関係費,災害対策費,2003,2612688
381,７．社会保障関係費,その他,2003,212217618
382,８．恩　　給　　費,文官恩給費,2003,46737756
383,８．恩　　給　　費,旧軍人遺族等恩給費,2003,1089989785
384,８．恩　　給　　費,その他,2003,69667572
385,３．防 衛 関 係 費,３．防 衛 関 係 費,2003,4951477751
386,９．国　　債　　費,９．国　　債　　費,2003,15544023946
387,10.経済危機対応・地域活性化予備費,10.経済危機対応・地域活性化予備費,2003,0
388,11.東日本大震災復旧・復興予備費,11.東日本大震災復旧・復興予備費,2003,0
389,12.熊本地震復旧等予備費,12.熊本地震復旧等予備費,2003,0
390,12．予　　備　　費,12．予　　備　　費,2003,0
391,13．そ　　の　　他,13．そ　　の　　他,2003,131099215
392,３．防 衛 関 係 費,３．防 衛 関 係 費,2003,4951477751
393,９．国　　債　　費,９．国　　債　　費,2003,15544023946
394,10.経済危機対応・地域活性化予備費,10.経済危機対応・地域活性化予備費,2003,0
395,11.東日本大震災復旧・復興予備費,11.東日本大震災復旧・復興予備費,2003,0
396,12.熊本地震復旧等予備費,12.熊本地震復旧等予備費,2003,0
397,12．予　　備　　費,12．予　　備　　費,2003,0
398,13．そ　　の　　他,13．そ　　の　　他,2003,131099215
399,３．防 衛 関 係 費,３．防 衛 関 係 費,2003,4951477751
400,９．国　　債　　費,９．国　　債　　費,2003,15544023946
401,10.経済危機対応・地域活性化予備費,10.経済危機対応・地域活性化予備費,2003,0
402,11.東日本大震災復旧・復興予備費,11.東日本大震災復旧・復興予備費,2003,0
403,12.熊本地震復旧等予備費,12.熊本地震復旧等予備費,2003,0
404,12．予　　備　　費,12．予　　備　　費,2003,0
405,13．そ　　の　　他,13．そ　　の　　他,2003,131099215
406,１．国 家 機 関 費,皇室費,2004,6965778
407,１．国 家 機 関 費,国会費,2004,127144108
408,１．国 家 機 関 費,選挙費,2004,61379786
409,１．国 家 機 関 費,司法、警察及び消防費,2004,1384424712
410,１．国 家 機 関 費,外交費,2004,905133307
411,１．国 家 機 関 費,一般行政費,2004,1170472827
412,１．国 家 機 関 費,徴税費,2004,787768965
413,１．国 家 機 関 費,貨幣製造費,2004,21023726
414,２．地 方 財 政 費,地方財政調整費,2004,17662126706
415,２．地 方 財 政 費,元利補給,2004,0
416,２．地 方 財 政 費,その他,2004,41358066
417,４．国土保全及び開発費,国土保全費,2004,1550967333
418,４．国土保全及び開発費,国土開発費,2004,5929070213
419,４．国土保全及び開発費,災害対策費,2004,385845654
420,４．国土保全及び開発費,試験研究費,2004,43629057
421,４．国土保全及び開発費,その他,2004,145983069
422,５．産 業 経 済 費,農林水産業費,2004,1178504622
423,５．産 業 経 済 費,商工鉱業費,2004,1215945264
424,５．産 業 経 済 費,運輸通信費,2004,341798431
425,５．産 業 経 済 費,産業投資特別会計へ繰入,2004,119168989
426,５．産 業 経 済 費,物資及び物価調整費,2004,392973859
427,６．教 育 文 化 費,学校教育費,2004,4851907469
428,６．教 育 文 化 費,社会教育及び文化費,2004,138226284
429,６．教 育 文 化 費,科学振興費,2004,925399214
430,６．教 育 文 化 費,災害対策費,2004,5409422
431,７．社会保障関係費,社会保険費,2004,15693864008
432,７．社会保障関係費,生活保護費,2004,1940892202
433,７．社会保障関係費,社会福祉費,2004,1843226968
434,７．社会保障関係費,住宅対策費,2004,941670565
435,７．社会保障関係費,失業対策費,2004,37297701
436,７．社会保障関係費,保健衛生費,2004,879994010
437,７．社会保障関係費,試験研究費,2004,107852938
438,７．社会保障関係費,災害対策費,2004,31627951
439,７．社会保障関係費,その他,2004,318548483
440,８．恩　　給　　費,文官恩給費,2004,42678127
441,８．恩　　給　　費,旧軍人遺族等恩給費,2004,1028766590
442,８．恩　　給　　費,その他,2004,63873689
443,３．防 衛 関 係 費,３．防 衛 関 係 費,2004,4921492949
444,９．国　　債　　費,９．国　　債　　費,2004,17514898571
445,10.経済危機対応・地域活性化予備費,10.経済危機対応・地域活性化予備費,2004,0
446,11.東日本大震災復旧・復興予備費,11.東日本大震災復旧・復興予備費,2004,0
447,12.熊本地震復旧等予備費,12.熊本地震復旧等予備費,2004,0
448,12．予　　備　　費,12．予　　備　　費,2004,0
449,13．そ　　の　　他,13．そ　　の　　他,2004,137464675
450,３．防 衛 関 係 費,３．防 衛 関 係 費,2004,4921492949
451,９．国　　債　　費,９．国　　債　　費,2004,17514898571
452,10.経済危機対応・地域活性化予備費,10.経済危機対応・地域活性化予備費,2004,0
453,11.東日本大震災復旧・復興予備費,11.東日本大震災復旧・復興予備費,2004,0
454,12.熊本地震復旧等予備費,12.熊本地震復旧等予備費,2004,0
455,12．予　　備　　費,12．予　　備　　費,2004,0
456,13．そ　　の　　他,13．そ　　の　　他,2004,137464675
457,３．防 衛 関 係 費,３．防 衛 関 係 費,2004,4921492949
458,９．国　　債　　費,９．国　　債　　費,2004,17514898571
459,10.経済危機対応・地域活性化予備費,10.経済危機対応・地域活性化予備費,2004,0
460,11.東日本大震災復旧・復興予備費,11.東日本大震災復旧・復興予備費,2004,0
461,12.熊本地震復旧等予備費,12.熊本地震復旧等予備費,2004,0
462,12．予　　備　　費,12．予　　備　　費,2004,0
463,13．そ　　の　　他,13．そ　　の　　他,2004,137464675
464,１．国 家 機 関 費,皇室費,2005,6849417
465,１．国 家 機 関 費,国会費,2005,123122693
466,１．国 家 機 関 費,選挙費,2005,69799237
467,１．国 家 機 関 費,司法、警察及び消防費,2005,1411240550
468,１．国 家 機 関 費,外交費,2005,836553817
469,１．国 家 機 関 費,一般行政費,2005,1208907002
470,１．国 家 機 関 費,徴税費,2005,785154239
471,１．国 家 機 関 費,貨幣製造費,2005,18573897
472,２．地 方 財 政 費,地方財政調整費,2005,17440562423
473,２．地 方 財 政 費,元利補給,2005,0
474,２．地 方 財 政 費,その他,2005,63511885
475,４．国土保全及び開発費,国土保全費,2005,1372264386
476,４．国土保全及び開発費,国土開発費,2005,5654324870
477,４．国土保全及び開発費,災害対策費,2005,713655812
478,４．国土保全及び開発費,試験研究費,2005,40988613
479,４．国土保全及び開発費,その他,2005,160973787
480,５．産 業 経 済 費,農林水産業費,2005,1137020845
481,５．産 業 経 済 費,商工鉱業費,2005,1045085765
482,５．産 業 経 済 費,運輸通信費,2005,268579549
483,５．産 業 経 済 費,産業投資特別会計へ繰入,2005,178636456
484,５．産 業 経 済 費,物資及び物価調整費,2005,368905613
485,６．教 育 文 化 費,学校教育費,2005,4735025520
486,６．教 育 文 化 費,社会教育及び文化費,2005,138394620
487,６．教 育 文 化 費,科学振興費,2005,904768692
488,６．教 育 文 化 費,災害対策費,2005,4975442
489,７．社会保障関係費,社会保険費,2005,16021117121
490,７．社会保障関係費,生活保護費,2005,1973779699
491,７．社会保障関係費,社会福祉費,2005,1873942309
492,７．社会保障関係費,住宅対策費,2005,827416742
493,７．社会保障関係費,失業対策費,2005,35572754
494,７．社会保障関係費,保健衛生費,2005,806543083
495,７．社会保障関係費,試験研究費,2005,103374956
496,７．社会保障関係費,災害対策費,2005,11635501
497,７．社会保障関係費,その他,2005,342633532
498,８．恩　　給　　費,文官恩給費,2005,38765243
499,８．恩　　給　　費,旧軍人遺族等恩給費,2005,966051284
500,８．恩　　給　　費,その他,2005,59628739
501,３．防 衛 関 係 費,３．防 衛 関 係 費,2005,4900978100
502,９．国　　債　　費,９．国　　債　　費,2005,18735950593
503,10.経済危機対応・地域活性化予備費,10.経済危機対応・地域活性化予備費,2005,0
504,11.東日本大震災復旧・復興予備費,11.東日本大震災復旧・復興予備費,2005,0
505,12.熊本地震復旧等予備費,12.熊本地震復旧等予備費,2005,0
506,12．予　　備　　費,12．予　　備　　費,2005,0
507,13．そ　　の　　他,13．そ　　の　　他,2005,134327404
508,３．防 衛 関 係 費,３．防 衛 関 係 費,2005,4900978100
509,９．国　　債　　費,９．国　　債　　費,2005,18735950593
510,10.経済危機対応・地域活性化予備費,10.経済危機対応・地域活性化予備費,2005,0
511,11.東日本大震災復旧・復興予備費,11.東日本大震災復旧・復興予備費,2005,0
512,12.熊本地震復旧等予備費,12.熊本地震復旧等予備費,2005,0
513,12．予　　備　　費,12．予　　備　　費,2005,0
514,13．そ　　の　　他,13．そ　　の　　他,2005,134327404
515,３．防 衛 関 係 費,３．防 衛 関 係 費,2005,4900978100
516,９．国　　債　　費,９．国　　債　　費,2005,18735950593
517,10.経済危機対応・地域活性化予備費,10.経済危機対応・地域活性化予備費,2005,0
518,11.東日本大震災復旧・復興予備費,11.東日本大震災復旧・復興予備費,2005,0
519,12.熊本地震復旧等予備費,12.熊本地震復旧等予備費,2005,0
520,12．予　　備　　費,12．予　　備　　費,2005,0
521,13．そ　　の　　他,13．そ　　の　　他,2005,134327404
522,１．国 家 機 関 費,皇室費,2006,6591482
523,１．国 家 機 関 費,国会費,2006,122817737
524,１．国 家 機 関 費,選挙費,2006,1328890
525,１．国 家 機 関 費,司法、警察及び消防費,2006,1431981688
526,１．国 家 機 関 費,外交費,2006,847587839
527,１．国 家 機 関 費,一般行政費,2006,1143095541
528,１．国 家 機 関 費,徴税費,2006,790800136
529,１．国 家 機 関 費,貨幣製造費,2006,16991552
530,２．地 方 財 政 費,地方財政調整費,2006,16700970439
531,２．地 方 財 政 費,元利補給,2006,0
532,２．地 方 財 政 費,その他,2006,60120010
533,４．国土保全及び開発費,国土保全費,2006,1166257713
534,４．国土保全及び開発費,国土開発費,2006,5103720304
535,４．国土保全及び開発費,災害対策費,2006,464926629
536,４．国土保全及び開発費,試験研究費,2006,38710387
537,４．国土保全及び開発費,その他,2006,164276898
538,５．産 業 経 済 費,農林水産業費,2006,1074547250
539,５．産 業 経 済 費,商工鉱業費,2006,1025262180
540,５．産 業 経 済 費,運輸通信費,2006,244865900
541,５．産 業 経 済 費,産業投資特別会計へ繰入,2006,48054000
542,５．産 業 経 済 費,物資及び物価調整費,2006,342150398
543,６．教 育 文 化 費,学校教育費,2006,3954622830
544,６．教 育 文 化 費,社会教育及び文化費,2006,134681163
545,６．教 育 文 化 費,科学振興費,2006,918452821
546,６．教 育 文 化 費,災害対策費,2006,2508815
547,７．社会保障関係費,社会保険費,2006,16154901543
548,７．社会保障関係費,生活保護費,2006,2006226935
549,７．社会保障関係費,社会福祉費,2006,1656781704
550,７．社会保障関係費,住宅対策費,2006,722012638
551,７．社会保障関係費,失業対策費,2006,38461734
552,７．社会保障関係費,保健衛生費,2006,697427068
553,７．社会保障関係費,試験研究費,2006,105568013
554,７．社会保障関係費,災害対策費,2006,4460306
555,７．社会保障関係費,その他,2006,254887435
556,８．恩　　給　　費,文官恩給費,2006,34335054
557,８．恩　　給　　費,旧軍人遺族等恩給費,2006,901858877
558,８．恩　　給　　費,その他,2006,54827843
559,３．防 衛 関 係 費,３．防 衛 関 係 費,2006,4838999823
560,９．国　　債　　費,９．国　　債　　費,2006,18036873531
561,10.経済危機対応・地域活性化予備費,10.経済危機対応・地域活性化予備費,2006,0
562,11.東日本大震災復旧・復興予備費,11.東日本大震災復旧・復興予備費,2006,0
563,12.熊本地震復旧等予備費,12.熊本地震復旧等予備費,2006,0
564,12．予　　備　　費,12．予　　備　　費,2006,0
565,13．そ　　の　　他,13．そ　　の　　他,2006,132535572
566,３．防 衛 関 係 費,３．防 衛 関 係 費,2006,4838999823
567,９．国　　債　　費,９．国　　債　　費,2006,18036873531
568,10.経済危機対応・地域活性化予備費,10.経済危機対応・地域活性化予備費,2006,0
569,11.東日本大震災復旧・復興予備費,11.東日本大震災復旧・復興予備費,2006,0
570,12.熊本地震復旧等予備費,12.熊本地震復旧等予備費,2006,0
571,12．予　　備　　費,12．予　　備　　費,2006,0
572,13．そ　　の　　他,13．そ　　の　　他,2006,132535572
573,３．防 衛 関 係 費,３．防 衛 関 係 費,2006,4838999823
574,９．国　　債　　費,９．国　　債　　費,2006,18036873531
575,10.経済危機対応・地域活性化予備費,10.経済危機対応・地域活性化予備費,2006,0
576,11.東日本大震災復旧・復興予備費,11.東日本大震災復旧・復興予備費,2006,0
577,12.熊本地震復旧等予備費,12.熊本地震復旧等予備費,2006,0
578,12．予　　備　　費,12．予　　備　　費,2006,0
579,13．そ　　の　　他,13．そ　　の　　他,2006,132535572
580,１．国 家 機 関 費,皇室費,2007,6569224
581,１．国 家 機 関 費,国会費,2007,122136741
582,１．国 家 機 関 費,選挙費,2007,59141967
583,１．国 家 機 関 費,司法、警察及び消防費,2007,1468295392
584,１．国 家 機 関 費,外交費,2007,880421187
585,１．国 家 機 関 費,一般行政費,2007,1184175331
586,１．国 家 機 関 費,徴税費,2007,793981869
587,１．国 家 機 関 費,貨幣製造費,2007,16020716
588,２．地 方 財 政 費,地方財政調整費,2007,14931618000
589,２．地 方 財 政 費,元利補給,2007,0
590,２．地 方 財 政 費,その他,2007,78687478
591,４．国土保全及び開発費,国土保全費,2007,1207839514
592,４．国土保全及び開発費,国土開発費,2007,4834852349
593,４．国土保全及び開発費,災害対策費,2007,340993608
594,４．国土保全及び開発費,試験研究費,2007,39710574
595,４．国土保全及び開発費,その他,2007,152793459
596,５．産 業 経 済 費,農林水産業費,2007,1373071060
597,５．産 業 経 済 費,商工鉱業費,2007,1434363777
598,５．産 業 経 済 費,運輸通信費,2007,214357644
599,５．産 業 経 済 費,産業投資特別会計へ繰入,2007,20286000
600,５．産 業 経 済 費,物資及び物価調整費,2007,117700423
601,６．教 育 文 化 費,学校教育費,2007,4030796694
602,６．教 育 文 化 費,社会教育及び文化費,2007,135459729
603,６．教 育 文 化 費,科学振興費,2007,1095938168
604,６．教 育 文 化 費,災害対策費,2007,1141695
605,７．社会保障関係費,社会保険費,2007,16876379258
606,７．社会保障関係費,生活保護費,2007,1982010516
607,７．社会保障関係費,社会福祉費,2007,1605044700
608,７．社会保障関係費,住宅対策費,2007,664292764
609,７．社会保障関係費,失業対策費,2007,32261388
610,７．社会保障関係費,保健衛生費,2007,606711030
611,７．社会保障関係費,試験研究費,2007,110669924
612,７．社会保障関係費,災害対策費,2007,14773440
613,７．社会保障関係費,その他,2007,274601488
614,８．恩　　給　　費,文官恩給費,2007,30951380
615,８．恩　　給　　費,旧軍人遺族等恩給費,2007,840079649
616,８．恩　　給　　費,その他,2007,68954592
617,３．防 衛 関 係 費,３．防 衛 関 係 費,2007,4778565357
618,９．国　　債　　費,９．国　　債　　費,2007,19290408668
619,10.経済危機対応・地域活性化予備費,10.経済危機対応・地域活性化予備費,2007,0
620,11.東日本大震災復旧・復興予備費,11.東日本大震災復旧・復興予備費,2007,0
621,12.熊本地震復旧等予備費,12.熊本地震復旧等予備費,2007,0
622,12．予　　備　　費,12．予　　備　　費,2007,0
623,13．そ　　の　　他,13．そ　　の　　他,2007,126513456
624,３．防 衛 関 係 費,３．防 衛 関 係 費,2007,4778565357
625,９．国　　債　　費,９．国　　債　　費,2007,19290408668
626,10.経済危機対応・地域活性化予備費,10.経済危機対応・地域活性化予備費,2007,0
627,11.東日本大震災復旧・復興予備費,11.東日本大震災復旧・復興予備費,2007,0
628,12.熊本地震復旧等予備費,12.熊本地震復旧等予備費,2007,0
629,12．予　　備　　費,12．予　　備　　費,2007,0
630,13．そ　　の　　他,13．そ　　の　　他,2007,126513456
631,３．防 衛 関 係 費,３．防 衛 関 係 費,2007,4778565357
632,９．国　　債　　費,９．国　　債　　費,2007,19290408668
633,10.経済危機対応・地域活性化予備費,10.経済危機対応・地域活性化予備費,2007,0
634,11.東日本大震災復旧・復興予備費,11.東日本大震災復旧・復興予備費,2007,0
635,12.熊本地震復旧等予備費,12.熊本地震復旧等予備費,2007,0
636,12．予　　備　　費,12．予　　備　　費,2007,0
637,13．そ　　の　　他,13．そ　　の　　他,2007,126513456
638,１．国 家 機 関 費,皇室費,2008,6613183
639,１．国 家 機 関 費,国会費,2008,122660956
640,１．国 家 機 関 費,選挙費,2008,702891
641,１．国 家 機 関 費,司法、警察及び消防費,2008,1496556058
642,１．国 家 機 関 費,外交費,2008,914480244
643,１．国 家 機 関 費,一般行政費,2008,1123358027
644,１．国 家 機 関 費,徴税費,2008,790069461
645,１．国 家 機 関 費,貨幣製造費,2008,15969581
646,２．地 方 財 政 費,地方財政調整費,2008,15679227889
647,２．地 方 財 政 費,元利補給,2008,0
648,２．地 方 財 政 費,その他,2008,23700518
649,４．国土保全及び開発費,国土保全費,2008,1108593617
650,４．国土保全及び開発費,国土開発費,2008,4827150645
651,４．国土保全及び開発費,災害対策費,2008,210860372
652,４．国土保全及び開発費,試験研究費,2008,47163287
653,４．国土保全及び開発費,その他,2008,120577119
654,５．産 業 経 済 費,農林水産業費,2008,1525768562
655,５．産 業 経 済 費,商工鉱業費,2008,2111459087
656,５．産 業 経 済 費,運輸通信費,2008,215789861
657,５．産 業 経 済 費,産業投資特別会計へ繰入,2008,0
658,５．産 業 経 済 費,物資及び物価調整費,2008,96313086
659,６．教 育 文 化 費,学校教育費,2008,4028748377
660,６．教 育 文 化 費,社会教育及び文化費,2008,143303986
661,６．教 育 文 化 費,科学振興費,2008,1107584491
662,６．教 育 文 化 費,災害対策費,2008,1158259
663,７．社会保障関係費,社会保険費,2008,17752625357
664,７．社会保障関係費,生活保護費,2008,2047260619
665,７．社会保障関係費,社会福祉費,2008,1978524635
666,７．社会保障関係費,住宅対策費,2008,618217463
667,７．社会保障関係費,失業対策費,2008,180563672
668,７．社会保障関係費,保健衛生費,2008,569989878
669,７．社会保障関係費,試験研究費,2008,116042098
670,７．社会保障関係費,災害対策費,2008,2497436
671,７．社会保障関係費,その他,2008,272487835
672,８．恩　　給　　費,文官恩給費,2008,27425159
673,８．恩　　給　　費,旧軍人遺族等恩給費,2008,776771214
674,８．恩　　給　　費,その他,2008,50838692
675,３．防 衛 関 係 費,３．防 衛 関 係 費,2008,4823873909
676,９．国　　債　　費,９．国　　債　　費,2008,19166464213
677,10.経済危機対応・地域活性化予備費,10.経済危機対応・地域活性化予備費,2008,0
678,11.東日本大震災復旧・復興予備費,11.東日本大震災復旧・復興予備費,2008,0
679,12.熊本地震復旧等予備費,12.熊本地震復旧等予備費,2008,0
680,12．予　　備　　費,12．予　　備　　費,2008,0
681,13．そ　　の　　他,13．そ　　の　　他,2008,596003290
682,３．防 衛 関 係 費,３．防 衛 関 係 費,2008,4823873909
683,９．国　　債　　費,９．国　　債　　費,2008,19166464213
684,10.経済危機対応・地域活性化予備費,10.経済危機対応・地域活性化予備費,2008,0
685,11.東日本大震災復旧・復興予備費,11.東日本大震災復旧・復興予備費,2008,0
686,12.熊本地震復旧等予備費,12.熊本地震復旧等予備費,2008,0
687,12．予　　備　　費,12．予　　備　　費,2008,0
688,13．そ　　の　　他,13．そ　　の　　他,2008,596003290
689,３．防 衛 関 係 費,３．防 衛 関 係 費,2008,4823873909
690,９．国　　債　　費,９．国　　債　　費,2008,19166464213
691,10.経済危機対応・地域活性化予備費,10.経済危機対応・地域活性化予備費,2008,0
692,11.東日本大震災復旧・復興予備費,11.東日本大震災復旧・復興予備費,2008,0
693,12.熊本地震復旧等予備費,12.熊本地震復旧等予備費,2008,0
694,12．予　　備　　費,12．予　　備　　費,2008,0
695,13．そ　　の　　他,13．そ　　の　　他,2008,596003290
696,１．国 家 機 関 費,皇室費,2009,6137774
697,１．国 家 機 関 費,国会費,2009,126258243
698,１．国 家 機 関 費,選挙費,2009,68788324
699,１．国 家 機 関 費,司法、警察及び消防費,2009,1533909368
700,１．国 家 機 関 費,外交費,2009,955076436
701,１．国 家 機 関 費,一般行政費,2009,1582842125
702,１．国 家 機 関 費,徴税費,2009,785667031
703,１．国 家 機 関 費,貨幣製造費,2009,15410921
704,２．地 方 財 政 費,地方財政調整費,2009,16573294000
705,２．地 方 財 政 費,元利補給,2009,0
706,２．地 方 財 政 費,その他,2009,22610253
707,４．国土保全及び開発費,国土保全費,2009,1710225549
708,４．国土保全及び開発費,国土開発費,2009,5577784331
709,４．国土保全及び開発費,災害対策費,2009,120307028
710,４．国土保全及び開発費,試験研究費,2009,49527978
711,４．国土保全及び開発費,その他,2009,104971041
712,５．産 業 経 済 費,農林水産業費,2009,1699720167
713,５．産 業 経 済 費,商工鉱業費,2009,5365096470
714,５．産 業 経 済 費,運輸通信費,2009,465418930
715,５．産 業 経 済 費,産業投資特別会計へ繰入,2009,0
716,５．産 業 経 済 費,物資及び物価調整費,2009,113680177
717,６．教 育 文 化 費,学校教育費,2009,4277937107
718,６．教 育 文 化 費,社会教育及び文化費,2009,240870820
719,６．教 育 文 化 費,科学振興費,2009,1350860927
720,６．教 育 文 化 費,災害対策費,2009,277538
721,７．社会保障関係費,社会保険費,2009,21627034591
722,７．社会保障関係費,生活保護費,2009,2289059977
723,７．社会保障関係費,社会福祉費,2009,2690047261
724,７．社会保障関係費,住宅対策費,2009,1084011146
725,７．社会保障関係費,失業対策費,2009,824387637
726,７．社会保障関係費,保健衛生費,2009,1290692754
727,７．社会保障関係費,試験研究費,2009,115117717
728,７．社会保障関係費,災害対策費,2009,1634904
729,７．社会保障関係費,その他,2009,275550990
730,８．恩　　給　　費,文官恩給費,2009,25562184
731,８．恩　　給　　費,旧軍人遺族等恩給費,2009,713941880
732,８．恩　　給　　費,その他,2009,40309792
733,３．防 衛 関 係 費,３．防 衛 関 係 費,2009,4831771933
734,９．国　　債　　費,９．国　　債　　費,2009,18444821997
735,10.経済危機対応・地域活性化予備費,10.経済危機対応・地域活性化予備費,2009,0
736,11.東日本大震災復旧・復興予備費,11.東日本大震災復旧・復興予備費,2009,0
737,12.熊本地震復旧等予備費,12.熊本地震復旧等予備費,2009,0
738,12．予　　備　　費,12．予　　備　　費,2009,0
739,13．そ　　の　　他,13．そ　　の　　他,2009,3972807075
740,３．防 衛 関 係 費,３．防 衛 関 係 費,2009,4831771933
741,９．国　　債　　費,９．国　　債　　費,2009,18444821997
742,10.経済危機対応・地域活性化予備費,10.経済危機対応・地域活性化予備費,2009,0
743,11.東日本大震災復旧・復興予備費,11.東日本大震災復旧・復興予備費,2009,0
744,12.熊本地震復旧等予備費,12.熊本地震復旧等予備費,2009,0
745,12．予　　備　　費,12．予　　備　　費,2009,0
746,13．そ　　の　　他,13．そ　　の　　他,2009,3972807075
747,３．防 衛 関 係 費,３．防 衛 関 係 費,2009,4831771933
748,９．国　　債　　費,９．国　　債　　費,2009,18444821997
749,10.経済危機対応・地域活性化予備費,10.経済危機対応・地域活性化予備費,2009,0
750,11.東日本大震災復旧・復興予備費,11.東日本大震災復旧・復興予備費,2009,0
751,12.熊本地震復旧等予備費,12.熊本地震復旧等予備費,2009,0
752,12．予　　備　　費,12．予　　備　　費,2009,0
753,13．そ　　の　　他,13．そ　　の　　他,2009,3972807075
754,１．国 家 機 関 費,皇室費,2010,5491398
755,１．国 家 機 関 費,国会費,2010,151426912
756,１．国 家 機 関 費,選挙費,2010,52100534
757,１．国 家 機 関 費,司法、警察及び消防費,2010,1472709759
758,１．国 家 機 関 費,外交費,2010,879664492
759,１．国 家 機 関 費,一般行政費,2010,1611829588
760,１．国 家 機 関 費,徴税費,2010,757349796
761,１．国 家 機 関 費,貨幣製造費,2010,14574753
762,２．地 方 財 政 費,地方財政調整費,2010,18790321916
763,２．地 方 財 政 費,元利補給,2010,0
764,２．地 方 財 政 費,その他,2010,19530645
765,４．国土保全及び開発費,国土保全費,2010,852171805
766,４．国土保全及び開発費,国土開発費,2010,4569619640
767,４．国土保全及び開発費,災害対策費,2010,109508094
768,４．国土保全及び開発費,試験研究費,2010,48424323
769,４．国土保全及び開発費,その他,2010,90648139
770,５．産 業 経 済 費,農林水産業費,2010,1577571490
771,５．産 業 経 済 費,商工鉱業費,2010,2232635850
772,５．産 業 経 済 費,運輸通信費,2010,374458521
773,５．産 業 経 済 費,産業投資特別会計へ繰入,2010,0
774,５．産 業 経 済 費,物資及び物価調整費,2010,80360428
775,６．教 育 文 化 費,学校教育費,2010,4435153637
776,６．教 育 文 化 費,社会教育及び文化費,2010,165246423
777,６．教 育 文 化 費,科学振興費,2010,1150377063
778,６．教 育 文 化 費,災害対策費,2010,390642
779,７．社会保障関係費,社会保険費,2010,21203658477
780,７．社会保障関係費,生活保護費,2010,2459870813
781,７．社会保障関係費,社会福祉費,2010,2101858243
782,７．社会保障関係費,住宅対策費,2010,237380022
783,７．社会保障関係費,失業対策費,2010,445094917
784,７．社会保障関係費,保健衛生費,2010,783006044
785,７．社会保障関係費,試験研究費,2010,114181752
786,７．社会保障関係費,災害対策費,2010,31088862
787,７．社会保障関係費,その他,2010,1565147418
788,８．恩　　給　　費,文官恩給費,2010,22011244
789,８．恩　　給　　費,旧軍人遺族等恩給費,2010,651424296
790,８．恩　　給　　費,その他,2010,35078120
791,３．防 衛 関 係 費,３．防 衛 関 係 費,2010,4678220145
792,９．国　　債　　費,９．国　　債　　費,2010,19543900165
793,10.経済危機対応・地域活性化予備費,10.経済危機対応・地域活性化予備費,2010,0
794,11.東日本大震災復旧・復興予備費,11.東日本大震災復旧・復興予備費,2010,0
795,12.熊本地震復旧等予備費,12.熊本地震復旧等予備費,2010,0
796,12．予　　備　　費,12．予　　備　　費,2010,0
797,13．そ　　の　　他,13．そ　　の　　他,2010,1998855325
798,３．防 衛 関 係 費,３．防 衛 関 係 費,2010,4678220145
799,９．国　　債　　費,９．国　　債　　費,2010,19543900165
800,10.経済危機対応・地域活性化予備費,10.経済危機対応・地域活性化予備費,2010,0
801,11.東日本大震災復旧・復興予備費,11.東日本大震災復旧・復興予備費,2010,0
802,12.熊本地震復旧等予備費,12.熊本地震復旧等予備費,2010,0
803,12．予　　備　　費,12．予　　備　　費,2010,0
804,13．そ　　の　　他,13．そ　　の　　他,2010,1998855325
805,３．防 衛 関 係 費,３．防 衛 関 係 費,2010,4678220145
806,９．国　　債　　費,９．国　　債　　費,2010,19543900165
807,10.経済危機対応・地域活性化予備費,10.経済危機対応・地域活性化予備費,2010,0
808,11.東日本大震災復旧・復興予備費,11.東日本大震災復旧・復興予備費,2010,0
809,12.熊本地震復旧等予備費,12.熊本地震復旧等予備費,2010,0
810,12．予　　備　　費,12．予　　備　　費,2010,0
811,13．そ　　の　　他,13．そ　　の　　他,2010,1998855325
812,１．国 家 機 関 費,皇室費,2011,6026580
813,１．国 家 機 関 費,国会費,2011,135321370
814,１．国 家 機 関 費,選挙費,2011,319976
815,１．国 家 機 関 費,司法、警察及び消防費,2011,1597209034
816,１．国 家 機 関 費,外交費,2011,821449422
817,１．国 家 機 関 費,一般行政費,2011,1574741294
818,１．国 家 機 関 費,徴税費,2011,778969916
819,１．国 家 機 関 費,貨幣製造費,2011,14465587
820,２．地 方 財 政 費,地方財政調整費,2011,19450671876
821,２．地 方 財 政 費,元利補給,2011,0
822,２．地 方 財 政 費,その他,2011,18816682
823,４．国土保全及び開発費,国土保全費,2011,901936274
824,４．国土保全及び開発費,国土開発費,2011,4436959937
825,４．国土保全及び開発費,災害対策費,2011,605512540
826,４．国土保全及び開発費,試験研究費,2011,51869175
827,４．国土保全及び開発費,その他,2011,426471058
828,５．産 業 経 済 費,農林水産業費,2011,1900064183
829,５．産 業 経 済 費,商工鉱業費,2011,4309777520
830,５．産 業 経 済 費,運輸通信費,2011,244926517
831,５．産 業 経 済 費,産業投資特別会計へ繰入,2011,0
832,５．産 業 経 済 費,物資及び物価調整費,2011,206960893
833,６．教 育 文 化 費,学校教育費,2011,4403657958
834,６．教 育 文 化 費,社会教育及び文化費,2011,141783529
835,６．教 育 文 化 費,科学振興費,2011,1208770384
836,６．教 育 文 化 費,災害対策費,2011,33352337
837,７．社会保障関係費,社会保険費,2011,22017175091
838,７．社会保障関係費,生活保護費,2011,2732261280
839,７．社会保障関係費,社会福祉費,2011,2237655219
840,７．社会保障関係費,住宅対策費,2011,170439650
841,７．社会保障関係費,失業対策費,2011,461160874
842,７．社会保障関係費,保健衛生費,2011,885242821
843,７．社会保障関係費,試験研究費,2011,109514599
844,７．社会保障関係費,災害対策費,2011,869031862
845,７．社会保障関係費,その他,2011,1721220584
846,８．恩　　給　　費,文官恩給費,2011,19179181
847,８．恩　　給　　費,旧軍人遺族等恩給費,2011,587699948
848,８．恩　　給　　費,その他,2011,30874094
849,３．防 衛 関 係 費,３．防 衛 関 係 費,2011,4824861715
850,９．国　　債　　費,９．国　　債　　費,2011,19627720861
851,10.経済危機対応・地域活性化予備費,10.経済危機対応・地域活性化予備費,2011,0
852,11.東日本大震災復旧・復興予備費,11.東日本大震災復旧・復興予備費,2011,0
853,12.熊本地震復旧等予備費,12.熊本地震復旧等予備費,2011,0
854,12．予　　備　　費,12．予　　備　　費,2011,0
855,13．そ　　の　　他,13．そ　　の　　他,2011,1151337298
856,３．防 衛 関 係 費,３．防 衛 関 係 費,2011,4824861715
857,９．国　　債　　費,９．国　　債　　費,2011,19627720861
858,10.経済危機対応・地域活性化予備費,10.経済危機対応・地域活性化予備費,2011,0
859,11.東日本大震災復旧・復興予備費,11.東日本大震災復旧・復興予備費,2011,0
860,12.熊本地震復旧等予備費,12.熊本地震復旧等予備費,2011,0
861,12．予　　備　　費,12．予　　備　　費,2011,0
862,13．そ　　の　　他,13．そ　　の　　他,2011,1151337298
863,３．防 衛 関 係 費,３．防 衛 関 係 費,2011,4824861715
864,９．国　　債　　費,９．国　　債　　費,2011,19627720861
865,10.経済危機対応・地域活性化予備費,10.経済危機対応・地域活性化予備費,2011,0
866,11.東日本大震災復旧・復興予備費,11.東日本大震災復旧・復興予備費,2011,0
867,12.熊本地震復旧等予備費,12.熊本地震復旧等予備費,2011,0
868,12．予　　備　　費,12．予　　備　　費,2011,0
869,13．そ　　の　　他,13．そ　　の　　他,2011,1151337298
870,１．国 家 機 関 費,皇室費,2012,5965628
871,１．国 家 機 関 費,国会費,2012,128495174
872,１．国 家 機 関 費,選挙費,2012,59452810
873,１．国 家 機 関 費,司法、警察及び消防費,2012,1480602910
874,１．国 家 機 関 費,外交費,2012,783527090
875,１．国 家 機 関 費,一般行政費,2012,1164515329
876,１．国 家 機 関 費,徴税費,2012,732703934
877,１．国 家 機 関 費,貨幣製造費,2012,14292805
878,２．地 方 財 政 費,地方財政調整費,2012,16884650453
879,２．地 方 財 政 費,元利補給,2012,0
880,２．地 方 財 政 費,その他,2012,16340295
881,４．国土保全及び開発費,国土保全費,2012,843858285
882,４．国土保全及び開発費,国土開発費,2012,4017612175
883,４．国土保全及び開発費,災害対策費,2012,746503357
884,４．国土保全及び開発費,試験研究費,2012,49295376
885,４．国土保全及び開発費,その他,2012,104460610
886,５．産 業 経 済 費,農林水産業費,2012,1904302947
887,５．産 業 経 済 費,商工鉱業費,2012,2529308441
888,５．産 業 経 済 費,運輸通信費,2012,221851938
889,５．産 業 経 済 費,産業投資特別会計へ繰入,2012,0
890,５．産 業 経 済 費,物資及び物価調整費,2012,172214968
891,６．教 育 文 化 費,学校教育費,2012,4360005951
892,６．教 育 文 化 費,社会教育及び文化費,2012,151447233
893,６．教 育 文 化 費,科学振興費,2012,1200556780
894,６．教 育 文 化 費,災害対策費,2012,38448841
895,７．社会保障関係費,社会保険費,2012,22176160679
896,７．社会保障関係費,生活保護費,2012,2774269105
897,７．社会保障関係費,社会福祉費,2012,2369653563
898,７．社会保障関係費,住宅対策費,2012,126893928
899,７．社会保障関係費,失業対策費,2012,259987009
900,７．社会保障関係費,保健衛生費,2012,499188288
901,７．社会保障関係費,試験研究費,2012,116751060
902,７．社会保障関係費,災害対策費,2012,327111214
903,７．社会保障関係費,その他,2012,1348058077
904,８．恩　　給　　費,文官恩給費,2012,16881490
905,８．恩　　給　　費,旧軍人遺族等恩給費,2012,525214646
906,８．恩　　給　　費,その他,2012,27570187
907,３．防 衛 関 係 費,３．防 衛 関 係 費,2012,4770980200
908,９．国　　債　　費,９．国　　債　　費,2012,21010678991
909,10.経済危機対応・地域活性化予備費,10.経済危機対応・地域活性化予備費,2012,0
910,11.東日本大震災復旧・復興予備費,11.東日本大震災復旧・復興予備費,2012,0
911,12.熊本地震復旧等予備費,12.熊本地震復旧等予備費,2012,0
912,12．予　　備　　費,12．予　　備　　費,2012,0
913,13．そ　　の　　他,13．そ　　の　　他,2012,3127364837
914,３．防 衛 関 係 費,３．防 衛 関 係 費,2012,4770980200
915,９．国　　債　　費,９．国　　債　　費,2012,21010678991
916,10.経済危機対応・地域活性化予備費,10.経済危機対応・地域活性化予備費,2012,0
917,11.東日本大震災復旧・復興予備費,11.東日本大震災復旧・復興予備費,2012,0
918,12.熊本地震復旧等予備費,12.熊本地震復旧等予備費,2012,0
919,12．予　　備　　費,12．予　　備　　費,2012,0
920,13．そ　　の　　他,13．そ　　の　　他,2012,3127364837
921,３．防 衛 関 係 費,３．防 衛 関 係 費,2012,4770980200
922,９．国　　債　　費,９．国　　債　　費,2012,21010678991
923,10.経済危機対応・地域活性化予備費,10.経済危機対応・地域活性化予備費,2012,0
924,11.東日本大震災復旧・復興予備費,11.東日本大震災復旧・復興予備費,2012,0
925,12.熊本地震復旧等予備費,12.熊本地震復旧等予備費,2012,0
926,12．予　　備　　費,12．予　　備　　費,2012,0
927,13．そ　　の　　他,13．そ　　の　　他,2012,3127364837
928,１．国 家 機 関 費,皇室費,2013,5774431
929,１．国 家 機 関 費,国会費,2013,125668672
930,１．国 家 機 関 費,選挙費,2013,50432786
931,１．国 家 機 関 費,司法、警察及び消防費,2013,1524285156
932,１．国 家 機 関 費,外交費,2013,850286829
933,１．国 家 機 関 費,一般行政費,2013,1571959844
934,１．国 家 機 関 費,徴税費,2013,725193651
935,１．国 家 機 関 費,貨幣製造費,2013,13747892
936,２．地 方 財 政 費,地方財政調整費,2013,17553472754
937,２．地 方 財 政 費,元利補給,2013,0
938,２．地 方 財 政 費,その他,2013,21836248
939,４．国土保全及び開発費,国土保全費,2013,1380337210
940,４．国土保全及び開発費,国土開発費,2013,5927713449
941,４．国土保全及び開発費,災害対策費,2013,446469955
942,４．国土保全及び開発費,試験研究費,2013,49462684
943,４．国土保全及び開発費,その他,2013,83114936
944,５．産 業 経 済 費,農林水産業費,2013,1693693722
945,５．産 業 経 済 費,商工鉱業費,2013,1503287855
946,５．産 業 経 済 費,運輸通信費,2013,276095747
947,５．産 業 経 済 費,産業投資特別会計へ繰入,2013,0
948,５．産 業 経 済 費,物資及び物価調整費,2013,90673272
949,６．教 育 文 化 費,学校教育費,2013,4322831229
950,６．教 育 文 化 費,社会教育及び文化費,2013,144413091
951,６．教 育 文 化 費,科学振興費,2013,1322407872
952,６．教 育 文 化 費,災害対策費,2013,9837279
953,７．社会保障関係費,社会保険費,2013,22395684023
954,７．社会保障関係費,生活保護費,2013,2795120764
955,７．社会保障関係費,社会福祉費,2013,2239804504
956,７．社会保障関係費,住宅対策費,2013,137761485
957,７．社会保障関係費,失業対策費,2013,165774964
958,７．社会保障関係費,保健衛生費,2013,591471852
959,７．社会保障関係費,試験研究費,2013,123449367
960,７．社会保障関係費,災害対策費,2013,70796686
961,７．社会保障関係費,その他,2013,1326810360
962,８．恩　　給　　費,文官恩給費,2013,14909586
963,８．恩　　給　　費,旧軍人遺族等恩給費,2013,464917252
964,８．恩　　給　　費,その他,2013,23673530
965,３．防 衛 関 係 費,３．防 衛 関 係 費,2013,4802875442
966,９．国　　債　　費,９．国　　債　　費,2013,21293507626
967,10.経済危機対応・地域活性化予備費,10.経済危機対応・地域活性化予備費,2013,0
968,11.東日本大震災復旧・復興予備費,11.東日本大震災復旧・復興予備費,2013,0
969,12.熊本地震復旧等予備費,12.熊本地震復旧等予備費,2013,0
970,12．予　　備　　費,12．予　　備　　費,2013,0
971,13．そ　　の　　他,13．そ　　の　　他,2013,4049324814
972,３．防 衛 関 係 費,３．防 衛 関 係 費,2013,4802875442
973,９．国　　債　　費,９．国　　債　　費,2013,21293507626
974,10.経済危機対応・地域活性化予備費,10.経済危機対応・地域活性化予備費,2013,0
975,11.東日本大震災復旧・復興予備費,11.東日本大震災復旧・復興予備費,2013,0
976,12.熊本地震復旧等予備費,12.熊本地震復旧等予備費,2013,0
977,12．予　　備　　費,12．予　　備　　費,2013,0
978,13．そ　　の　　他,13．そ　　の　　他,2013,4049324814
979,３．防 衛 関 係 費,３．防 衛 関 係 費,2013,4802875442
980,９．国　　債　　費,９．国　　債　　費,2013,21293507626
981,10.経済危機対応・地域活性化予備費,10.経済危機対応・地域活性化予備費,2013,0
982,11.東日本大震災復旧・復興予備費,11.東日本大震災復旧・復興予備費,2013,0
983,12.熊本地震復旧等予備費,12.熊本地震復旧等予備費,2013,0
984,12．予　　備　　費,12．予　　備　　費,2013,0
985,13．そ　　の　　他,13．そ　　の　　他,2013,4049324814
986,１．国 家 機 関 費,皇室費,2014,6151561
987,１．国 家 機 関 費,国会費,2014,132043907
988,１．国 家 機 関 費,選挙費,2014,56412418
989,１．国 家 機 関 費,司法、警察及び消防費,2014,1502880959
990,１．国 家 機 関 費,外交費,2014,870024473
991,１．国 家 機 関 費,一般行政費,2014,1502453529
992,１．国 家 機 関 費,徴税費,2014,775835905
993,１．国 家 機 関 費,貨幣製造費,2014,14828881
994,２．地 方 財 政 費,地方財政調整費,2014,17096255371
995,２．地 方 財 政 費,元利補給,2014,0
996,２．地 方 財 政 費,その他,2014,89519898
997,４．国土保全及び開発費,国土保全費,2014,1163296905
998,４．国土保全及び開発費,国土開発費,2014,5622921120
999,４．国土保全及び開発費,災害対策費,2014,217111910
1000,４．国土保全及び開発費,試験研究費,2014,55744293
1001,４．国土保全及び開発費,その他,2014,158961489
1002,５．産 業 経 済 費,農林水産業費,2014,1475251108
1003,５．産 業 経 済 費,商工鉱業費,2014,1714027146
1004,５．産 業 経 済 費,運輸通信費,2014,212621503
1005,５．産 業 経 済 費,産業投資特別会計へ繰入,2014,0
1006,５．産 業 経 済 費,物資及び物価調整費,2014,107388881
1007,６．教 育 文 化 費,学校教育費,2014,4184132336
1008,６．教 育 文 化 費,社会教育及び文化費,2014,160125694
1009,６．教 育 文 化 費,科学振興費,2014,1188962523
1010,６．教 育 文 化 費,災害対策費,2014,1004263
1011,７．社会保障関係費,社会保険費,2014,23316288715
1012,７．社会保障関係費,生活保護費,2014,2800101773
1013,７．社会保障関係費,社会福祉費,2014,2499103114
1014,７．社会保障関係費,住宅対策費,2014,230218816
1015,７．社会保障関係費,失業対策費,2014,22010118
1016,７．社会保障関係費,保健衛生費,2014,581272391
1017,７．社会保障関係費,試験研究費,2014,123296437
1018,７．社会保障関係費,災害対策費,2014,5321916
1019,７．社会保障関係費,その他,2014,1281133776
1020,８．恩　　給　　費,文官恩給費,2014,13078852
1021,８．恩　　給　　費,旧軍人遺族等恩給費,2014,408930998
1022,８．恩　　給　　費,その他,2014,20787351
1023,３．防 衛 関 係 費,３．防 衛 関 係 費,2014,5073428675
1024,９．国　　債　　費,９．国　　債　　費,2014,22185692730
1025,10.経済危機対応・地域活性化予備費,10.経済危機対応・地域活性化予備費,2014,0
1026,11.東日本大震災復旧・復興予備費,11.東日本大震災復旧・復興予備費,2014,0
1027,12.熊本地震復旧等予備費,12.熊本地震復旧等予備費,2014,0
1028,12．予　　備　　費,12．予　　備　　費,2014,0
1029,13．そ　　の　　他,13．そ　　の　　他,2014,1944845682
1030,３．防 衛 関 係 費,３．防 衛 関 係 費,2014,5073428675
1031,９．国　　債　　費,９．国　　債　　費,2014,22185692730
1032,10.経済危機対応・地域活性化予備費,10.経済危機対応・地域活性化予備費,2014,0
1033,11.東日本大震災復旧・復興予備費,11.東日本大震災復旧・復興予備費,2014,0
1034,12.熊本地震復旧等予備費,12.熊本地震復旧等予備費,2014,0
1035,12．予　　備　　費,12．予　　備　　費,2014,0
1036,13．そ　　の　　他,13．そ　　の　　他,2014,1944845682
1037,３．防 衛 関 係 費,３．防 衛 関 係 費,2014,5073428675
1038,９．国　　債　　費,９．国　　債　　費,2014,22185692730
1039,10.経済危機対応・地域活性化予備費,10.経済危機対応・地域活性化予備費,2014,0
1040,11.東日本大震災復旧・復興予備費,11.東日本大震災復旧・復興予備費,2014,0
1041,12.熊本地震復旧等予備費,12.熊本地震復旧等予備費,2014,0
1042,12．予　　備　　費,12．予　　備　　費,2014,0
1043,13．そ　　の　　他,13．そ　　の　　他,2014,1944845682
1044,１．国 家 機 関 費,皇室費,2015,5800414
1045,１．国 家 機 関 費,国会費,2015,134301666
1046,１．国 家 機 関 費,選挙費,2015,1643113
1047,１．国 家 機 関 費,司法、警察及び消防費,2015,1514804508
1048,１．国 家 機 関 費,外交費,2015,906512055
1049,１．国 家 機 関 費,一般行政費,2015,1708495119
1050,１．国 家 機 関 費,徴税費,2015,775425294
1051,１．国 家 機 関 費,貨幣製造費,2015,14891355
1052,２．地 方 財 政 費,地方財政調整費,2015,16800803231
1053,２．地 方 財 政 費,元利補給,2015,0
1054,２．地 方 財 政 費,その他,2015,87510979
1055,４．国土保全及び開発費,国土保全費,2015,1005727842
1056,４．国土保全及び開発費,国土開発費,2015,5005197238
1057,４．国土保全及び開発費,災害対策費,2015,185728064
1058,４．国土保全及び開発費,試験研究費,2015,49299430
1059,４．国土保全及び開発費,その他,2015,142014505
1060,５．産 業 経 済 費,農林水産業費,2015,1764817172
1061,５．産 業 経 済 費,商工鉱業費,2015,1312462772
1062,５．産 業 経 済 費,運輸通信費,2015,201620788
1063,５．産 業 経 済 費,産業投資特別会計へ繰入,2015,0
1064,５．産 業 経 済 費,物資及び物価調整費,2015,89198017
1065,６．教 育 文 化 費,学校教育費,2015,4010909036
1066,６．教 育 文 化 費,社会教育及び文化費,2015,144657397
1067,６．教 育 文 化 費,科学振興費,2015,1142164443
1068,６．教 育 文 化 費,災害対策費,2015,1192687
1069,７．社会保障関係費,社会保険費,2015,23844252037
1070,７．社会保障関係費,生活保護費,2015,2822880460
1071,７．社会保障関係費,社会福祉費,2015,3060428107
1072,７．社会保障関係費,住宅対策費,2015,149387651
1073,７．社会保障関係費,失業対策費,2015,20462851
1074,７．社会保障関係費,保健衛生費,2015,623320586
1075,７．社会保障関係費,試験研究費,2015,73200631
1076,７．社会保障関係費,災害対策費,2015,5645323
1077,７．社会保障関係費,その他,2015,1328106275
1078,８．恩　　給　　費,文官恩給費,2015,11266607
1079,８．恩　　給　　費,旧軍人遺族等恩給費,2015,355956676
1080,８．恩　　給　　費,その他,2015,19014969
1081,３．防 衛 関 係 費,３．防 衛 関 係 費,2015,5141147921
1082,９．国　　債　　費,９．国　　債　　費,2015,22463534769
1083,10.経済危機対応・地域活性化予備費,10.経済危機対応・地域活性化予備費,2015,0
1084,11.東日本大震災復旧・復興予備費,11.東日本大震災復旧・復興予備費,2015,0
1085,12.熊本地震復旧等予備費,12.熊本地震復旧等予備費,2015,0
1086,12．予　　備　　費,12．予　　備　　費,2015,0
1087,13．そ　　の　　他,13．そ　　の　　他,2015,1306542097
1088,３．防 衛 関 係 費,３．防 衛 関 係 費,2015,5141147921
1089,９．国　　債　　費,９．国　　債　　費,2015,22463534769
1090,10.経済危機対応・地域活性化予備費,10.経済危機対応・地域活性化予備費,2015,0
1091,11.東日本大震災復旧・復興予備費,11.東日本大震災復旧・復興予備費,2015,0
1092,12.熊本地震復旧等予備費,12.熊本地震復旧等予備費,2015,0
1093,12．予　　備　　費,12．予　　備　　費,2015,0
1094,13．そ　　の　　他,13．そ　　の　　他,2015,1306542097
1095,３．防 衛 関 係 費,３．防 衛 関 係 費,2015,5141147921
1096,９．国　　債　　費,９．国　　債　　費,2015,22463534769
1097,10.経済危機対応・地域活性化予備費,10.経済危機対応・地域活性化予備費,2015,0
1098,11.東日本大震災復旧・復興予備費,11.東日本大震災復旧・復興予備費,2015,0
1099,12.熊本地震復旧等予備費,12.熊本地震復旧等予備費,2015,0
1100,12．予　　備　　費,12．予　　備　　費,2015,0
1101,13．そ　　の　　他,13．そ　　の　　他,2015,1306542097
1102,１．国 家 機 関 費,皇室費,2016,5351842
1103,１．国 家 機 関 費,国会費,2016,132560410
1104,１．国 家 機 関 費,選挙費,2016,53738213
1105,１．国 家 機 関 費,司法、警察及び消防費,2016,1573470081
1106,１．国 家 機 関 費,外交費,2016,924167345
1107,１．国 家 機 関 費,一般行政費,2016,1497159393
1108,１．国 家 機 関 費,徴税費,2016,778734855
1109,１．国 家 機 関 費,貨幣製造費,2016,14774292
1110,２．地 方 財 政 費,地方財政調整費,2016,15339274500
1111,２．地 方 財 政 費,元利補給,2016,0
1112,２．地 方 財 政 費,その他,2016,81986902
1113,４．国土保全及び開発費,国土保全費,2016,1127020588
1114,４．国土保全及び開発費,国土開発費,2016,5195409024
1115,４．国土保全及び開発費,災害対策費,2016,249515094
1116,４．国土保全及び開発費,試験研究費,2016,48318822
1117,４．国土保全及び開発費,その他,2016,125771991
1118,５．産 業 経 済 費,農林水産業費,2016,1561248382
1119,５．産 業 経 済 費,商工鉱業費,2016,1747455643
1120,５．産 業 経 済 費,運輸通信費,2016,212357991
1121,５．産 業 経 済 費,産業投資特別会計へ繰入,2016,0
1122,５．産 業 経 済 費,物資及び物価調整費,2016,81690957
1123,６．教 育 文 化 費,学校教育費,2016,3997265117
1124,６．教 育 文 化 費,社会教育及び文化費,2016,157942229
1125,６．教 育 文 化 費,科学振興費,2016,1196517792
1126,６．教 育 文 化 費,災害対策費,2016,4031006
1127,７．社会保障関係費,社会保険費,2016,24162813487
1128,７．社会保障関係費,生活保護費,2016,2825962544
1129,７．社会保障関係費,社会福祉費,2016,3561728854
1130,７．社会保障関係費,住宅対策費,2016,159113953
1131,７．社会保障関係費,失業対策費,2016,21128138
1132,７．社会保障関係費,保健衛生費,2016,608418593
1133,７．社会保障関係費,試験研究費,2016,68182517
1134,７．社会保障関係費,災害対策費,2016,119779230
1135,７．社会保障関係費,その他,2016,1309908642
1136,８．恩　　給　　費,文官恩給費,2016,9779220
1137,８．恩　　給　　費,旧軍人遺族等恩給費,2016,308118566
1138,８．恩　　給　　費,その他,2016,16151421
1139,３．防 衛 関 係 費,３．防 衛 関 係 費,2016,5162012628
1140,９．国　　債　　費,９．国　　債　　費,2016,22085592882
1141,10.経済危機対応・地域活性化予備費,10.経済危機対応・地域活性化予備費,2016,0
1142,11.東日本大震災復旧・復興予備費,11.東日本大震災復旧・復興予備費,2016,0
1143,12.熊本地震復旧等予備費,12.熊本地震復旧等予備費,2016,0
1144,12．予　　備　　費,12．予　　備　　費,2016,0
1145,13．そ　　の　　他,13．そ　　の　　他,2016,1017311678
1146,３．防 衛 関 係 費,３．防 衛 関 係 費,2016,5162012628
1147,９．国　　債　　費,９．国　　債　　費,2016,22085592882
1148,10.経済危機対応・地域活性化予備費,10.経済危機対応・地域活性化予備費,2016,0
1149,11.東日本大震災復旧・復興予備費,11.東日本大震災復旧・復興予備費,2016,0
1150,12.熊本地震復旧等予備費,12.熊本地震復旧等予備費,2016,0
1151,12．予　　備　　費,12．予　　備　　費,2016,0
1152,13．そ　　の　　他,13．そ　　の　　他,2016,1017311678
1153,３．防 衛 関 係 費,３．防 衛 関 係 費,2016,5162012628
1154,９．国　　債　　費,９．国　　債　　費,2016,22085592882
1155,10.経済危機対応・地域活性化予備費,10.経済危機対応・地域活性化予備費,2016,0
1156,11.東日本大震災復旧・復興予備費,11.東日本大震災復旧・復興予備費,2016,0
1157,12.熊本地震復旧等予備費,12.熊本地震復旧等予備費,2016,0
1158,12．予　　備　　費,12．予　　備　　費,2016,0
1159,13．そ　　の　　他,13．そ　　の　　他,2016,1017311678
1160,１．国 家 機 関 費,皇室費,2017,6776077
1161,１．国 家 機 関 費,国会費,2017,133287519
1162,１．国 家 機 関 費,選挙費,2017,59832965
1163,１．国 家 機 関 費,司法、警察及び消防費,2017,1560110218
1164,１．国 家 機 関 費,外交費,2017,888687574
1165,１．国 家 機 関 費,一般行政費,2017,1383405116
1166,１．国 家 機 関 費,徴税費,2017,778866035
1167,１．国 家 機 関 費,貨幣製造費,2017,14697699
1168,２．地 方 財 政 費,地方財政調整費,2017,15567103800
1169,２．地 方 財 政 費,元利補給,2017,0
1170,２．地 方 財 政 費,その他,2017,77698058
1171,４．国土保全及び開発費,国土保全費,2017,1028938132
1172,４．国土保全及び開発費,国土開発費,2017,5356030795
1173,４．国土保全及び開発費,災害対策費,2017,333499401
1174,４．国土保全及び開発費,試験研究費,2017,49594809
1175,４．国土保全及び開発費,その他,2017,126892539
1176,５．産 業 経 済 費,農林水産業費,2017,1629895317
1177,５．産 業 経 済 費,商工鉱業費,2017,1257064799
1178,５．産 業 経 済 費,運輸通信費,2017,192966905
1179,５．産 業 経 済 費,産業投資特別会計へ繰入,2017,0
1180,５．産 業 経 済 費,物資及び物価調整費,2017,77544344
1181,６．教 育 文 化 費,学校教育費,2017,4066936446
1182,６．教 育 文 化 費,社会教育及び文化費,2017,175929358
1183,６．教 育 文 化 費,科学振興費,2017,1188002101
1184,６．教 育 文 化 費,災害対策費,2017,11284762
1185,７．社会保障関係費,社会保険費,2017,24515306267
1186,７．社会保障関係費,生活保護費,2017,2815581645
1187,７．社会保障関係費,社会福祉費,2017,3566572817
1188,７．社会保障関係費,住宅対策費,2017,165807948
1189,７．社会保障関係費,失業対策費,2017,16906520
1190,７．社会保障関係費,保健衛生費,2017,627969676
1191,７．社会保障関係費,試験研究費,2017,73903393
1192,７．社会保障関係費,災害対策費,2017,61131019
1193,７．社会保障関係費,その他,2017,1264124061
1194,８．恩　　給　　費,文官恩給費,2017,8483251
1195,８．恩　　給　　費,旧軍人遺族等恩給費,2017,262608937
1196,８．恩　　給　　費,その他,2017,13949358
1197,３．防 衛 関 係 費,３．防 衛 関 係 費,2017,5286811260
1198,９．国　　債　　費,９．国　　債　　費,2017,22520820705
1199,10.経済危機対応・地域活性化予備費,10.経済危機対応・地域活性化予備費,2017,0
1200,11.東日本大震災復旧・復興予備費,11.東日本大震災復旧・復興予備費,2017,0
1201,12.熊本地震復旧等予備費,12.熊本地震復旧等予備費,2017,0
1202,12．予　　備　　費,12．予　　備　　費,2017,0
1203,13．そ　　の　　他,13．そ　　の　　他,2017,950583079
1204,３．防 衛 関 係 費,３．防 衛 関 係 費,2017,5286811260
1205,９．国　　債　　費,９．国　　債　　費,2017,22520820705
1206,10.経済危機対応・地域活性化予備費,10.経済危機対応・地域活性化予備費,2017,0
1207,11.東日本大震災復旧・復興予備費,11.東日本大震災復旧・復興予備費,2017,0
1208,12.熊本地震復旧等予備費,12.熊本地震復旧等予備費,2017,0
1209,12．予　　備　　費,12．予　　備　　費,2017,0
1210,13．そ　　の　　他,13．そ　　の　　他,2017,950583079
1211,３．防 衛 関 係 費,３．防 衛 関 係 費,2017,5286811260
1212,９．国　　債　　費,９．国　　債　　費,2017,22520820705
1213,10.経済危機対応・地域活性化予備費,10.経済危機対応・地域活性化予備費,2017,0
1214,11.東日本大震災復旧・復興予備費,11.東日本大震災復旧・復興予備費,2017,0
1215,12.熊本地震復旧等予備費,12.熊本地震復旧等予備費,2017,0
1216,12．予　　備　　費,12．予　　備　　費,2017,0
1217,13．そ　　の　　他,13．そ　　の　　他,2017,950583079
1218,１．国 家 機 関 費,皇室費,2018,9678519
1219,１．国 家 機 関 費,国会費,2018,136393763
1220,１．国 家 機 関 費,選挙費,2018,143469
1221,１．国 家 機 関 費,司法、警察及び消防費,2018,1629272958
1222,１．国 家 機 関 費,外交費,2018,878467212
1223,１．国 家 機 関 費,一般行政費,2018,1349839809
1224,１．国 家 機 関 費,徴税費,2018,789261980
1225,１．国 家 機 関 費,貨幣製造費,2018,14802080
1226,２．地 方 財 政 費,地方財政調整費,2018,16025781000
1227,２．地 方 財 政 費,元利補給,2018,0
1228,２．地 方 財 政 費,その他,2018,73542993
1229,４．国土保全及び開発費,国土保全費,2018,1091578347
1230,４．国土保全及び開発費,国土開発費,2018,5248379432
1231,４．国土保全及び開発費,災害対策費,2018,442550864
1232,４．国土保全及び開発費,試験研究費,2018,49165936
1233,４．国土保全及び開発費,その他,2018,139800259
1234,５．産 業 経 済 費,農林水産業費,2018,1588375531
1235,５．産 業 経 済 費,商工鉱業費,2018,1444345004
1236,５．産 業 経 済 費,運輸通信費,2018,199478203
1237,５．産 業 経 済 費,産業投資特別会計へ繰入,2018,0
1238,５．産 業 経 済 費,物資及び物価調整費,2018,77079133
1239,６．教 育 文 化 費,学校教育費,2018,4015081795
1240,６．教 育 文 化 費,社会教育及び文化費,2018,149671080
1241,６．教 育 文 化 費,科学振興費,2018,1302739709
1242,６．教 育 文 化 費,災害対策費,2018,12891289
1243,７．社会保障関係費,社会保険費,2018,24771233204
1244,７．社会保障関係費,生活保護費,2018,2763347070
1245,７．社会保障関係費,社会福祉費,2018,2498038942
1246,７．社会保障関係費,住宅対策費,2018,154093020
1247,７．社会保障関係費,失業対策費,2018,17947210
1248,７．社会保障関係費,保健衛生費,2018,650199220
1249,７．社会保障関係費,試験研究費,2018,65551809
1250,７．社会保障関係費,災害対策費,2018,49887828
1251,７．社会保障関係費,その他,2018,2138404341
1252,８．恩　　給　　費,文官恩給費,2018,7339314
1253,８．恩　　給　　費,旧軍人遺族等恩給費,2018,221515501
1254,８．恩　　給　　費,その他,2018,11754611
1255,３．防 衛 関 係 費,３．防 衛 関 係 費,2018,5487851505
1256,９．国　　債　　費,９．国　　債　　費,2018,22528601809
1257,10.経済危機対応・地域活性化予備費,10.経済危機対応・地域活性化予備費,2018,0
1258,11.東日本大震災復旧・復興予備費,11.東日本大震災復旧・復興予備費,2018,0
1259,12.熊本地震復旧等予備費,12.熊本地震復旧等予備費,2018,0
1260,12．予　　備　　費,12．予　　備　　費,2018,0
1261,13．そ　　の　　他,13．そ　　の　　他,2018,940610781
1262,３．防 衛 関 係 費,３．防 衛 関 係 費,2018,5487851505
1263,９．国　　債　　費,９．国　　債　　費,2018,22528601809
1264,10.経済危機対応・地域活性化予備費,10.経済危機対応・地域活性化予備費,2018,0
1265,11.東日本大震災復旧・復興予備費,11.東日本大震災復旧・復興予備費,2018,0
1266,12.熊本地震復旧等予備費,12.熊本地震復旧等予備費,2018,0
1267,12．予　　備　　費,12．予　　備　　費,2018,0
1268,13．そ　　の　　他,13．そ　　の　　他,2018,940610781
1269,３．防 衛 関 係 費,３．防 衛 関 係 費,2018,5487851505
1270,９．国　　債　　費,９．国　　債　　費,2018,22528601809
1271,10.経済危機対応・地域活性化予備費,10.経済危機対応・地域活性化予備費,2018,0
1272,11.東日本大震災復旧・復興予備費,11.東日本大震災復旧・復興予備費,2018,0
1273,12.熊本地震復旧等予備費,12.熊本地震復旧等予備費,2018,0
1274,12．予　　備　　費,12．予　　備　　費,2018,0
1275,13．そ　　の　　他,13．そ　　の　　他,2018,940610781
